Row,rStar_2_5,rStar_5,rStar_16,rStar_50,rStar_84,rStar_95,rStar_97_5,rStarLR_2_5,rStarLR_5,rStarLR_16,rStarLR_50,rStarLR_84,rStarLR_95,rStarLR_97_5,yP_2_5,yP_5,yP_16,yP_50,yP_84,yP_95,yP_97_5,g_2_5,g_5,g_16,g_50,g_84,g_95,g_97_5,z_2_5,z_5,z_16,z_50,z_84,z_95,z_97_5
1961Q1,-1.804,-0.578,1.412,4.074,6.61,8.491,9.568,1.133,1.579,2.557,4.132,5.799,6.895,7.459,810.029,810.346,810.984,812.024,813.176,813.91,814.299,1.138,1.58,2.557,4.135,5.801,6.894,7.459,-5.284,-4.058,-2.14,-0.105,1.819,3.579,4.696
1961Q2,-1.146,0.035,2.03,4.528,7.074,9.277,10.494,1.837,2.25,3.016,4.37,5.805,6.768,7.222,811.079,811.419,812.119,813.243,814.505,815.345,815.853,1.836,2.245,3.016,4.37,5.806,6.77,7.222,-5.414,-4.279,-2.21,0.105,2.451,4.816,5.986
1961Q3,-0.676,0.431,2.361,4.838,7.484,9.767,11.081,2.205,2.531,3.284,4.42,5.63,6.49,6.932,812.095,812.459,813.193,814.368,815.641,816.577,817.037,2.203,2.527,3.282,4.419,5.632,6.495,6.935,-5.319,-4.153,-2.107,0.277,3.042,5.598,7.022
1961Q4,-0.606,0.441,2.448,4.927,7.579,9.859,11.18,2.489,2.833,3.473,4.524,5.596,6.316,6.695,813.158,813.538,814.387,815.6,816.893,817.807,818.318,2.487,2.829,3.47,4.525,5.596,6.315,6.68,-5.473,-4.376,-2.185,0.287,3.149,5.701,7.187
1962Q1,-0.99,0.227,2.324,4.769,7.489,9.893,11.19,2.557,2.848,3.488,4.444,5.44,6.114,6.472,814.005,814.463,815.333,816.616,817.947,818.856,819.325,2.557,2.845,3.483,4.444,5.44,6.112,6.466,-5.753,-4.454,-2.296,0.244,3.245,5.817,7.227
1962Q2,-2.354,-1.179,1.123,3.783,6.253,8.408,9.613,2.321,2.632,3.227,4.108,5.001,5.66,5.951,814.452,814.9,815.786,817.069,818.375,819.29,819.761,2.317,2.63,3.227,4.11,5.005,5.663,5.954,-6.871,-5.549,-3.161,-0.306,2.275,4.643,5.946
1962Q3,-2.568,-1.238,1.031,3.684,6.207,8.405,9.617,2.349,2.607,3.185,4.064,4.919,5.52,5.797,815.224,815.715,816.63,817.976,819.342,820.283,820.751,2.34,2.601,3.18,4.065,4.921,5.521,5.795,-7.075,-5.675,-3.168,-0.325,2.278,4.571,5.927
1962Q4,-3.99,-2.702,-0.293,2.565,4.94,6.924,8.028,2.009,2.295,2.848,3.69,4.533,5.093,5.384,815.548,815.989,816.965,818.343,819.702,820.725,821.174,2.01,2.301,2.853,3.696,4.546,5.1,5.392,-8.234,-6.695,-4.137,-1.051,1.397,3.44,4.793
1963Q1,-3.378,-1.933,0.284,3.026,5.514,7.62,8.785,2.093,2.38,2.899,3.715,4.53,5.053,5.309,816.406,816.898,817.86,819.254,820.67,821.659,822.144,2.093,2.387,2.901,3.719,4.537,5.061,5.323,-7.555,-6.028,-3.562,-0.585,1.892,4.106,5.408
1963Q2,-2.815,-1.504,0.738,3.348,5.895,8.131,9.32,2.153,2.408,2.931,3.725,4.512,5.048,5.262,817.257,817.753,818.741,820.175,821.638,822.68,823.198,2.152,2.41,2.933,3.73,4.52,5.049,5.273,-7.049,-5.585,-3.152,-0.307,2.259,4.543,5.792
1963Q3,-0.786,0.338,2.279,4.7,7.652,10.215,11.652,2.583,2.828,3.339,4.1,4.867,5.386,5.645,819.029,819.561,820.578,822.046,823.52,824.612,825.176,2.572,2.821,3.337,4.1,4.871,5.386,5.65,-5.094,-4.015,-1.929,0.54,3.718,6.437,7.763
1963Q4,-2.371,-1.12,1.102,3.736,6.309,8.604,9.965,2.319,2.594,3.104,3.851,4.603,5.133,5.388,819.159,819.731,820.785,822.305,823.785,824.849,825.354,2.32,2.592,3.103,3.852,4.607,5.134,5.388,-6.666,-5.226,-2.885,-0.116,2.61,4.857,6.344
1964Q1,-0.539,0.539,2.489,4.875,7.794,10.428,11.728,2.696,2.949,3.465,4.185,4.936,5.436,5.674,821.054,821.595,822.705,824.225,825.735,826.829,827.494,2.686,2.947,3.459,4.182,4.935,5.436,5.68,-5.075,-3.947,-1.822,0.633,3.727,6.408,7.884
1964Q2,-1.595,-0.317,1.836,4.27,7.025,9.482,10.895,2.663,2.911,3.398,4.129,4.865,5.34,5.597,821.865,822.483,823.616,825.203,826.727,827.855,828.444,2.662,2.913,3.398,4.131,4.867,5.351,5.605,-5.985,-4.708,-2.418,0.154,3.017,5.51,7.053
1964Q3,-1.154,-0.037,2.071,4.54,7.335,9.711,11.22,2.774,3.054,3.517,4.245,4.983,5.492,5.724,823.223,823.859,825.052,826.638,828.234,829.376,829.982,2.771,3.052,3.515,4.246,4.989,5.495,5.728,-5.774,-4.551,-2.289,0.299,3.182,5.618,7.154
1964Q4,-3.325,-1.933,0.45,3.27,5.694,7.754,8.833,2.465,2.74,3.238,3.951,4.671,5.16,5.4,823.618,824.187,825.377,826.979,828.555,829.644,830.195,2.468,2.748,3.237,3.955,4.679,5.167,5.409,-7.556,-6.24,-3.654,-0.588,1.82,3.999,5.194
1965Q1,-0.224,0.902,2.863,5.202,8.163,10.794,12.344,2.956,3.2,3.681,4.404,5.138,5.68,5.94,825.559,826.242,827.521,829.181,830.754,831.872,832.486,2.951,3.196,3.675,4.402,5.14,5.687,5.941,-5.019,-3.772,-1.642,0.745,3.849,6.615,8.259
1965Q2,-0.987,0.295,2.392,4.828,7.654,10.091,11.506,3.015,3.23,3.703,4.399,5.12,5.633,5.924,826.679,827.332,828.625,830.314,831.933,833.067,833.675,3.009,3.227,3.702,4.398,5.122,5.634,5.927,-5.885,-4.339,-2.062,0.416,3.336,5.848,7.259
1965Q3,0.567,1.668,3.473,5.864,9.027,11.777,13.153,3.291,3.543,3.974,4.664,5.421,6,6.288,828.596,829.329,830.617,832.308,833.939,835.11,835.685,3.287,3.531,3.967,4.66,5.423,5.999,6.291,-4.392,-3.225,-1.294,1.112,4.427,7.231,8.725
1965Q4,1.173,2.241,4.087,6.523,9.74,12.45,13.972,3.571,3.767,4.221,4.919,5.713,6.326,6.67,830.576,831.22,832.565,834.308,835.915,837.061,837.617,3.567,3.76,4.214,4.914,5.713,6.324,6.665,-3.941,-2.888,-0.964,1.501,4.92,7.753,9.352
1966Q1,2.09,3.025,4.709,7.117,10.454,13.615,15.312,3.733,3.962,4.43,5.142,5.962,6.601,6.946,832.2,832.977,834.303,836.098,837.747,838.903,839.489,3.72,3.947,4.419,5.134,5.957,6.59,6.934,-3.356,-2.316,-0.567,1.889,5.448,8.691,10.302
1966Q2,-0.809,0.431,2.651,5.207,7.991,10.478,11.986,3.357,3.587,4.033,4.72,5.471,6.034,6.368,831.798,832.614,834.109,835.986,837.577,838.683,839.243,3.347,3.575,4.025,4.717,5.47,6.029,6.364,-5.831,-4.423,-2.181,0.369,3.41,5.985,7.526
1966Q3,-1.135,0.136,2.301,4.912,7.644,10.04,11.322,3.276,3.512,3.957,4.638,5.365,5.907,6.208,832.69,833.53,834.953,836.856,838.505,839.555,840.098,3.259,3.501,3.948,4.633,5.361,5.899,6.189,-6.055,-4.669,-2.451,0.191,3.086,5.6,7.01
1966Q4,-1.55,-0.17,2.099,4.753,7.496,9.843,11.232,3.206,3.44,3.895,4.587,5.296,5.846,6.095,833.356,834.305,835.869,837.827,839.501,840.505,841.019,3.194,3.433,3.889,4.584,5.294,5.842,6.089,-6.334,-4.863,-2.544,0.119,2.928,5.399,6.901
1967Q1,-1.655,-0.446,1.836,4.496,7.039,9.273,10.435,3.227,3.461,3.939,4.617,5.313,5.802,6.042,834.907,835.767,837.333,839.279,840.962,841.957,842.596,3.228,3.459,3.933,4.614,5.313,5.804,6.041,-6.515,-5.277,-2.898,-0.11,2.522,4.846,5.989
1967Q2,-3.541,-2.096,0.369,3.31,5.736,7.716,8.833,2.864,3.145,3.649,4.341,5.036,5.501,5.756,835.306,836.163,837.721,839.667,841.307,842.352,842.887,2.864,3.138,3.647,4.342,5.037,5.499,5.756,-8.211,-6.691,-4.098,-0.955,1.441,3.51,4.727
1967Q3,-2.745,-1.369,0.924,3.769,6.313,8.489,9.77,2.896,3.144,3.62,4.332,5.011,5.492,5.723,836.127,836.989,838.571,840.562,842.254,843.395,843.956,2.895,3.146,3.616,4.332,5.013,5.493,5.725,-7.395,-6.022,-3.413,-0.476,2.108,4.298,5.687
1967Q4,-2.443,-1.226,0.981,3.644,6.15,8.374,9.61,2.723,3.008,3.529,4.227,4.896,5.368,5.577,836.63,837.546,839.16,841.226,842.909,843.905,844.47,2.724,3.006,3.53,4.226,4.897,5.368,5.58,-6.905,-5.677,-3.324,-0.478,2.01,4.256,5.522
1968Q1,-0.451,0.787,2.611,5.034,8.088,10.577,12.085,3.078,3.319,3.77,4.45,5.146,5.669,5.899,838.061,838.98,840.758,842.866,844.583,845.65,846.236,3.058,3.312,3.762,4.448,5.143,5.663,5.894,-5.062,-3.896,-1.909,0.565,3.63,6.28,7.876
1968Q2,-0.237,0.879,2.813,5.275,8.208,10.77,12.261,3.185,3.413,3.863,4.525,5.221,5.727,6.004,839.577,840.479,842.091,844.172,845.92,846.991,847.496,3.177,3.404,3.856,4.519,5.213,5.714,5.995,-5.014,-3.829,-1.787,0.723,3.765,6.423,7.927
1968Q3,-1.674,-0.358,1.826,4.358,7.011,9.309,10.737,3,3.244,3.731,4.407,5.061,5.565,5.807,840.113,841.048,842.811,844.918,846.671,847.768,848.315,2.992,3.236,3.725,4.405,5.058,5.56,5.797,-6.279,-4.923,-2.675,0.005,2.693,5.098,6.425
1968Q4,-2.797,-1.495,0.74,3.541,6.015,8.345,9.687,2.736,3.013,3.516,4.218,4.89,5.354,5.599,840.586,841.688,843.399,845.502,847.262,848.299,848.807,2.728,3.008,3.515,4.218,4.891,5.359,5.603,-7.313,-5.993,-3.592,-0.577,1.897,4.262,5.656
1969Q1,-1.121,-0.057,1.965,4.452,7.205,9.666,11.079,2.949,3.226,3.717,4.377,5.063,5.559,5.812,842.51,843.445,845.111,847.246,849.042,850.122,850.671,2.944,3.224,3.711,4.373,5.063,5.558,5.812,-5.761,-4.576,-2.461,0.089,2.879,5.372,6.766
1969Q2,-2.843,-1.52,0.75,3.487,6.016,8.117,9.445,2.655,2.953,3.483,4.176,4.856,5.313,5.565,842.685,843.659,845.53,847.687,849.387,850.416,850.991,2.661,2.95,3.482,4.177,4.859,5.314,5.563,-7.341,-5.977,-3.569,-0.591,1.971,4.034,5.285
1969Q3,-2.916,-1.6,0.848,3.574,6.113,8.24,9.339,2.725,2.954,3.465,4.172,4.845,5.317,5.548,843.948,844.826,846.584,848.724,850.451,851.524,852.093,2.723,2.957,3.466,4.172,4.848,5.323,5.551,-7.375,-6.041,-3.464,-0.501,2.029,4.157,5.382
1969Q4,-5.093,-3.418,-0.754,2.396,4.835,6.656,7.612,2.187,2.541,3.136,3.889,4.565,4.997,5.221,844.246,845.185,846.79,848.856,850.57,851.649,852.197,2.197,2.548,3.145,3.892,4.569,5.006,5.228,-9.311,-7.534,-4.728,-1.374,1.055,2.874,3.916
1970Q1,-5.341,-3.65,-0.902,2.211,4.727,6.477,7.525,2.051,2.372,2.993,3.786,4.443,4.859,5.074,844.965,845.848,847.553,849.549,851.244,852.376,852.913,2.062,2.378,3.002,3.79,4.446,4.869,5.08,-9.346,-7.701,-4.76,-1.416,1.041,2.931,3.949
1970Q2,-4.834,-3.372,-0.679,2.418,4.802,6.7,7.825,2.038,2.369,2.958,3.725,4.376,4.806,5.002,845.538,846.576,848.273,850.293,851.997,853.121,853.675,2.039,2.376,2.964,3.727,4.387,4.82,5.008,-8.944,-7.356,-4.489,-1.189,1.206,3.188,4.303
1970Q3,-3.234,-1.925,0.474,3.205,5.718,7.786,8.955,2.197,2.518,3.099,3.848,4.514,4.943,5.154,847.235,848.145,849.622,851.545,853.246,854.412,854.946,2.198,2.518,3.103,3.856,4.519,4.949,5.162,-7.388,-6.018,-3.501,-0.491,2.036,4.113,5.237
1970Q4,-6.702,-5.241,-2.224,1.149,3.688,5.46,6.457,1.412,1.758,2.457,3.33,4.033,4.451,4.692,846.033,847.005,848.552,850.529,852.142,853.252,853.852,1.421,1.769,2.462,3.339,4.044,4.466,4.7,-10.448,-8.763,-5.716,-2.052,0.505,2.315,3.441
1971Q1,-1.689,-0.438,1.723,4.251,7.156,9.593,10.961,2.358,2.621,3.152,3.873,4.525,4.974,5.193,848.8,849.712,851.266,853.154,854.831,855.969,856.558,2.356,2.623,3.152,3.876,4.529,4.978,5.198,-5.787,-4.534,-2.253,0.4,3.403,5.86,7.281
1971Q2,-3.82,-2.387,0.046,2.878,5.353,7.464,8.64,1.99,2.294,2.873,3.633,4.289,4.734,4.92,849.142,850.002,851.5,853.405,855.074,856.248,856.917,1.996,2.295,2.877,3.635,4.294,4.744,4.934,-7.701,-6.205,-3.673,-0.617,1.825,4.014,5.215
1971Q3,-4.522,-3.152,-0.708,2.219,4.67,6.675,7.91,1.841,2.153,2.735,3.535,4.213,4.627,4.828,850.002,850.85,852.367,854.17,855.859,857.055,857.727,1.856,2.159,2.744,3.543,4.22,4.64,4.846,-8.382,-6.959,-4.364,-1.175,1.298,3.363,4.608
1971Q4,-7.08,-5.13,-2.172,1.151,3.712,5.559,6.612,1.483,1.811,2.454,3.334,4.062,4.488,4.702,850.836,851.591,853.002,854.862,856.677,858.086,858.807,1.507,1.835,2.468,3.347,4.078,4.511,4.731,-10.802,-8.797,-5.693,-2.053,0.583,2.417,3.579
1972Q1,-3.557,-2.065,0.301,3.003,5.668,7.873,9.249,1.921,2.226,2.811,3.573,4.249,4.688,4.901,852.051,852.918,854.371,856.203,857.983,859.299,859.986,1.932,2.238,2.818,3.58,4.259,4.705,4.912,-7.397,-5.852,-3.401,-0.428,2.255,4.462,5.869
1972Q2,-1.747,-0.534,1.608,4.117,7.042,9.441,10.864,2.35,2.63,3.138,3.858,4.524,4.958,5.207,854.009,854.879,856.353,858.224,860.062,861.51,862.266,2.359,2.636,3.144,3.865,4.531,4.972,5.218,-5.913,-4.638,-2.348,0.307,3.254,5.754,7.171
1972Q3,-2.991,-1.72,0.554,3.291,5.849,7.962,9.229,2.205,2.453,2.993,3.706,4.364,4.808,5.033,854.58,855.436,856.881,858.738,860.575,861.903,862.584,2.216,2.462,2.996,3.712,4.375,4.821,5.049,-7.031,-5.694,-3.233,-0.316,2.265,4.457,5.706
1972Q4,-2.216,-0.888,1.324,3.911,6.591,8.806,9.913,2.409,2.692,3.197,3.877,4.536,4.982,5.207,856.082,856.85,858.41,860.214,862.054,863.431,864.211,2.423,2.696,3.201,3.885,4.546,4.993,5.225,-6.408,-5.002,-2.647,0.063,2.796,5.092,6.309
1973Q1,-0.211,0.874,2.9,5.336,8.457,11.121,12.554,2.802,3.049,3.527,4.194,4.881,5.423,5.742,858.183,859.011,860.407,862.273,864.119,865.409,866.128,2.811,3.054,3.527,4.197,4.881,5.426,5.743,-4.679,-3.419,-1.37,1.046,4.287,7.044,8.586
1973Q2,-0.714,0.513,2.497,4.972,7.859,10.393,11.816,2.707,2.922,3.412,4.066,4.744,5.263,5.535,858.156,858.987,860.507,862.306,864.003,865.167,865.838,2.708,2.921,3.409,4.065,4.743,5.263,5.531,-4.971,-3.75,-1.644,0.83,3.865,6.472,7.812
1973Q3,-3.732,-2.195,0.282,3.121,5.547,7.486,8.786,2.182,2.486,3.007,3.692,4.32,4.76,4.989,857.846,858.704,860.173,861.969,863.589,864.694,865.299,2.187,2.485,3.009,3.695,4.325,4.77,4.994,-7.562,-6.047,-3.48,-0.529,1.966,4.045,5.329
1973Q4,-1.828,-0.447,1.761,4.309,7.065,9.402,10.61,2.408,2.689,3.189,3.868,4.536,5.015,5.273,859.046,859.913,861.429,863.286,864.874,866.01,866.732,2.409,2.689,3.187,3.864,4.532,5.011,5.266,-5.781,-4.411,-2.167,0.38,3.284,5.716,7.044
1974Q1,-4.034,-2.558,-0.041,2.89,5.355,7.236,8.351,1.992,2.241,2.783,3.508,4.179,4.608,4.807,858.461,859.385,860.93,862.773,864.34,865.43,865.983,1.984,2.24,2.784,3.505,4.179,4.605,4.802,-7.644,-6.211,-3.597,-0.555,1.915,3.965,5.116
1974Q2,-2.455,-1.268,1.029,3.633,6.402,8.669,10.029,1.871,2.16,2.716,3.439,4.091,4.539,4.806,857.806,858.805,860.569,862.641,864.293,865.314,865.834,1.862,2.146,2.707,3.431,4.082,4.519,4.784,-6.071,-4.724,-2.465,0.183,3.069,5.467,6.877
1974Q3,-4.445,-3.078,-0.445,2.563,5.211,7.332,8.74,1.333,1.636,2.26,3.058,3.753,4.183,4.4,856.165,857.435,859.339,861.632,863.417,864.486,864.991,1.323,1.624,2.25,3.052,3.747,4.168,4.381,-7.614,-6.197,-3.534,-0.422,2.26,4.612,6.097
1974Q4,-4.91,-3.242,-0.708,2.202,4.722,6.799,8.032,1.208,1.528,2.14,2.974,3.667,4.067,4.275,857.027,858.066,860.041,862.225,863.949,864.981,865.501,1.206,1.522,2.133,2.97,3.662,4.06,4.265,-7.955,-6.314,-3.729,-0.641,1.873,4.141,5.45
1975Q1,-8.027,-6.168,-3.189,0.232,2.885,4.575,5.539,0.556,0.962,1.67,2.611,3.367,3.776,3.98,857.534,858.443,860.266,862.231,863.867,864.941,865.451,0.558,0.973,1.671,2.614,3.376,3.778,3.981,-10.942,-9.053,-5.855,-2.245,0.421,2.177,3.238
1975Q2,-6.979,-5.326,-2.472,0.793,3.325,5.169,6.251,0.807,1.157,1.828,2.727,3.457,3.877,4.089,859.531,860.457,861.964,863.801,865.444,866.595,867.208,0.811,1.16,1.835,2.735,3.468,3.893,4.106,-10.103,-8.342,-5.32,-1.8,0.798,2.697,3.816
1975Q3,-5.055,-3.606,-1.138,1.8,4.42,6.715,7.97,1.116,1.425,2.071,2.919,3.601,4.039,4.25,861.169,861.989,863.489,865.294,866.966,868.196,868.896,1.117,1.428,2.076,2.926,3.614,4.055,4.261,-8.376,-6.817,-4.207,-0.938,1.64,3.896,5.226
1975Q4,-4.165,-3.009,-0.729,2.032,4.616,6.828,8.085,1.134,1.445,2.081,2.917,3.612,4.035,4.269,861.795,862.636,864.141,865.959,867.689,868.974,869.668,1.142,1.448,2.088,2.924,3.623,4.044,4.276,-7.533,-6.166,-3.82,-0.712,1.846,4.061,5.305
1976Q1,-2.655,-1.356,0.73,3.252,6.083,8.683,10.105,1.603,1.882,2.435,3.187,3.859,4.301,4.513,863.595,864.439,865.897,867.646,869.399,870.592,871.213,1.608,1.885,2.437,3.191,3.864,4.306,4.516,-6.078,-4.738,-2.577,0.123,3.062,5.568,6.999
1976Q2,-4.732,-3.204,-0.803,2.024,4.604,6.679,7.831,1.32,1.588,2.223,3.015,3.7,4.105,4.328,864.219,865.067,866.426,868.203,869.939,871.295,871.905,1.33,1.596,2.231,3.023,3.714,4.115,4.346,-8.115,-6.505,-3.93,-0.814,1.718,3.801,4.999
1976Q3,-4.909,-3.46,-1.193,1.674,4.152,6.21,7.373,1.099,1.411,2.013,2.845,3.546,3.985,4.174,864.073,864.915,866.366,868.165,869.865,871.149,871.749,1.105,1.414,2.014,2.856,3.557,3.998,4.189,-8.112,-6.636,-4.164,-0.978,1.47,3.549,4.751
1976Q4,-4.714,-3.272,-0.996,1.775,4.262,6.41,7.536,1.067,1.379,2,2.807,3.473,3.911,4.127,864.648,865.428,866.888,868.643,870.38,871.672,872.297,1.073,1.387,2.006,2.813,3.481,3.93,4.156,-7.972,-6.41,-3.991,-0.852,1.636,3.806,5.063
1977Q1,-3.633,-2.306,-0.219,2.392,5.024,7.202,8.509,1.244,1.518,2.089,2.871,3.562,3.991,4.203,865.426,866.196,867.642,869.445,871.169,872.431,873.163,1.245,1.52,2.093,2.876,3.569,3.998,4.221,-6.843,-5.571,-3.216,-0.313,2.265,4.529,5.825
1977Q2,-2.238,-1.074,0.955,3.476,6.466,9.055,10.528,1.626,1.901,2.408,3.132,3.81,4.253,4.479,866.96,867.831,869.224,871.085,872.856,874.18,874.838,1.634,1.908,2.411,3.133,3.816,4.256,4.483,-5.677,-4.445,-2.249,0.389,3.433,6.015,7.484
1977Q3,-1.277,-0.287,1.605,4.026,7.001,9.655,11.026,1.818,2.071,2.574,3.275,3.941,4.418,4.67,867.986,868.834,870.336,872.221,873.994,875.234,875.951,1.82,2.073,2.573,3.278,3.945,4.421,4.671,-4.912,-3.775,-1.687,0.742,3.823,6.498,7.803
1977Q4,-4.455,-2.992,-0.581,2.102,4.653,6.746,7.959,1.392,1.66,2.21,2.974,3.632,4.077,4.304,867.897,868.813,870.372,872.274,874.076,875.338,876.056,1.403,1.664,2.216,2.981,3.637,4.086,4.312,-7.695,-6.256,-3.707,-0.708,1.762,3.905,5.157
1978Q1,-4.962,-3.528,-1.096,1.756,4.268,6.422,7.588,1.228,1.536,2.078,2.872,3.552,3.969,4.189,868.439,869.27,870.788,872.729,874.513,875.831,876.474,1.234,1.541,2.083,2.881,3.561,3.982,4.212,-8.29,-6.763,-4.113,-0.956,1.525,3.688,4.967
1978Q2,1.002,1.904,3.45,6.125,9.844,13.275,15.141,2.346,2.572,3.024,3.667,4.378,4.986,5.343,871.499,872.448,873.998,875.992,877.793,879.004,879.745,2.347,2.575,3.022,3.664,4.375,4.984,5.327,-2.813,-1.904,-0.254,2.338,6.263,9.677,11.557
1978Q3,-0.776,0.336,2.281,4.716,7.78,10.322,11.943,2.234,2.469,2.923,3.579,4.288,4.825,5.115,872.057,872.917,874.618,876.608,878.432,879.571,880.237,2.235,2.469,2.922,3.577,4.288,4.815,5.113,-4.539,-3.353,-1.363,1.066,4.25,6.828,8.497
1978Q4,-0.652,0.538,2.395,4.804,7.785,10.371,12.113,2.334,2.552,3.007,3.648,4.37,5.001,5.31,873.141,874.028,875.636,877.682,879.461,880.64,881.293,2.325,2.549,3.003,3.647,4.367,4.996,5.305,-4.428,-3.225,-1.336,1.047,4.21,6.923,8.616
1979Q1,-2.927,-1.582,0.624,3.365,5.898,8.045,9.275,2.175,2.394,2.848,3.515,4.177,4.68,4.967,874.081,874.985,876.609,878.624,880.413,881.659,882.325,2.176,2.396,2.85,3.518,4.18,4.689,4.974,-6.619,-5.383,-2.958,-0.138,2.428,4.692,6.028
1979Q2,-2.887,-1.562,0.632,3.329,5.898,8.174,9.452,1.985,2.217,2.678,3.36,4.015,4.531,4.803,873.805,874.683,876.386,878.411,880.183,881.258,881.789,1.985,2.211,2.675,3.358,4.012,4.52,4.784,-6.418,-5.159,-2.836,-0.012,2.662,4.91,6.242
1979Q3,-2.468,-1.04,1.183,3.786,6.433,8.7,10.024,2.122,2.361,2.834,3.492,4.176,4.687,4.992,875.223,876.185,877.828,879.865,881.597,882.726,883.304,2.122,2.361,2.833,3.494,4.175,4.689,4.987,-6.149,-4.699,-2.426,0.241,2.97,5.395,6.752
1979Q4,-2.559,-1.178,1.022,3.636,6.195,8.361,9.537,2.055,2.284,2.764,3.43,4.092,4.604,4.871,875.752,876.654,878.326,880.355,882.016,883.081,883.635,2.05,2.282,2.765,3.428,4.091,4.605,4.873,-6.18,-4.736,-2.497,0.179,2.819,5.07,6.348
1980Q1,-2.136,-0.872,1.273,3.867,6.56,8.781,10.118,2.032,2.278,2.737,3.403,4.071,4.616,4.893,875.998,877.017,878.702,880.775,882.475,883.479,884.035,2.024,2.264,2.728,3.399,4.064,4.613,4.885,-5.716,-4.381,-2.212,0.407,3.249,5.574,7.011
1980Q2,-7.051,-5.411,-2.373,1.123,3.628,5.365,6.388,1.214,1.558,2.107,2.867,3.523,3.941,4.16,875.171,876.278,877.972,879.948,881.591,882.615,883.188,1.216,1.564,2.109,2.869,3.532,3.949,4.168,-10,-8.301,-5.309,-1.674,0.811,2.634,3.805
1980Q3,-5.212,-3.7,-0.99,2.127,4.577,6.436,7.458,1.369,1.644,2.203,2.934,3.581,4.025,4.244,876.288,877.304,878.93,880.839,882.487,883.583,884.136,1.372,1.644,2.206,2.937,3.585,4.03,4.25,-8.305,-6.635,-3.976,-0.745,1.702,3.718,4.784
1980Q4,-1.261,-0.199,1.816,4.289,7.132,9.501,11.009,1.945,2.196,2.668,3.334,4.007,4.488,4.776,877.999,879.06,880.742,882.726,884.389,885.416,885.987,1.936,2.194,2.662,3.331,4.002,4.484,4.76,-4.737,-3.664,-1.564,0.853,3.94,6.438,7.935
1981Q1,-0.052,1.094,2.92,5.387,8.443,11.078,12.671,2.304,2.538,2.987,3.647,4.397,4.987,5.276,880.255,881.218,882.814,884.738,886.393,887.498,888.06,2.297,2.53,2.981,3.644,4.386,4.978,5.267,-3.788,-2.657,-0.807,1.632,4.897,7.684,9.347
1981Q2,-3.89,-2.452,0.006,3.006,5.495,7.485,8.625,1.901,2.164,2.657,3.339,3.991,4.495,4.734,880.792,881.659,883.127,884.878,886.478,887.617,888.215,1.901,2.163,2.658,3.34,3.989,4.493,4.732,-7.391,-5.849,-3.366,-0.314,2.237,4.39,5.692
1981Q3,-1.633,-0.342,1.94,4.55,7.284,9.474,10.636,2.294,2.526,2.984,3.655,4.366,4.912,5.216,882.816,883.768,885.135,886.885,888.504,889.719,890.333,2.292,2.524,2.98,3.653,4.364,4.91,5.214,-5.353,-4.053,-1.757,0.788,3.687,6.054,7.324
1981Q4,-5.157,-3.596,-0.687,2.645,5.037,6.758,7.75,1.784,2.1,2.625,3.319,4.012,4.475,4.775,883.038,883.785,885.114,886.799,888.495,889.799,890.448,1.794,2.108,2.627,3.323,4.011,4.477,4.777,-8.491,-6.883,-4.008,-0.674,1.741,3.631,4.633
1982Q1,-8.764,-6.847,-3.345,0.64,3.293,4.743,5.58,1.212,1.518,2.155,2.945,3.612,4.05,4.254,882.976,883.639,884.928,886.616,888.399,889.77,890.475,1.224,1.528,2.163,2.952,3.627,4.071,4.275,-11.754,-9.757,-6.287,-2.282,0.355,1.947,2.786
1982Q2,-6.25,-4.468,-1.477,1.922,4.349,6.103,7.043,1.384,1.718,2.31,3.069,3.755,4.205,4.418,884.337,884.983,886.201,887.886,889.737,891.067,891.863,1.401,1.731,2.317,3.077,3.763,4.213,4.428,-9.428,-7.598,-4.523,-1.091,1.285,3.146,4.222
1982Q3,-6.563,-4.779,-1.816,1.55,4.042,5.749,6.694,1.133,1.485,2.104,2.898,3.584,4.019,4.292,884.289,884.924,886.064,887.849,889.719,891.136,891.961,1.139,1.495,2.108,2.906,3.598,4.037,4.307,-9.597,-7.766,-4.665,-1.279,1.143,3.018,4.011
1982Q4,-6.706,-4.854,-1.819,1.551,3.992,5.712,6.561,1.034,1.373,2.011,2.83,3.525,3.974,4.191,884.742,885.378,886.522,888.316,890.293,891.77,892.639,1.043,1.376,2.015,2.836,3.542,3.99,4.204,-9.45,-7.768,-4.651,-1.209,1.22,3.081,4.061
1983Q1,-4.579,-2.89,-0.453,2.574,5.13,7.147,8.336,1.274,1.581,2.181,2.973,3.682,4.182,4.444,885.824,886.457,887.662,889.45,891.417,892.925,893.699,1.283,1.588,2.188,2.978,3.689,4.188,4.45,-7.585,-6.02,-3.361,-0.335,2.256,4.419,5.59
1983Q2,-2.854,-1.497,0.836,3.642,6.482,8.796,10.141,1.763,2.033,2.573,3.309,4.02,4.54,4.806,888.142,888.714,889.864,891.708,893.8,895.574,896.62,1.773,2.038,2.582,3.316,4.034,4.547,4.817,-6.344,-4.879,-2.488,0.258,3.217,5.738,7.137
1983Q3,-1.522,-0.344,1.766,4.333,7.21,9.772,11.171,1.883,2.152,2.622,3.342,4.072,4.624,4.922,888.608,889.162,890.267,892.057,894.059,895.709,896.536,1.888,2.154,2.624,3.341,4.073,4.628,4.922,-4.944,-3.736,-1.625,0.859,3.992,6.703,8.119
1983Q4,-1.509,-0.222,1.841,4.47,7.366,9.907,11.253,2.11,2.357,2.835,3.55,4.276,4.853,5.176,890.569,891.157,892.225,894.026,896.136,897.8,898.755,2.114,2.366,2.838,3.551,4.278,4.867,5.179,-5.131,-3.88,-1.729,0.803,3.891,6.624,8.046
1984Q1,-1.014,0.266,2.288,4.914,7.874,10.459,11.813,2.257,2.503,2.957,3.66,4.426,5.044,5.4,891.691,892.201,893.317,895.106,897.207,898.856,899.791,2.257,2.504,2.957,3.659,4.425,5.045,5.417,-4.749,-3.51,-1.399,1.091,4.263,6.958,8.516
1984Q2,-0.344,0.856,2.688,5.18,8.146,10.627,12.053,2.303,2.555,3.023,3.706,4.546,5.213,5.545,892.671,893.225,894.307,896.14,898.17,899.749,900.631,2.298,2.551,3.02,3.703,4.543,5.201,5.532,-4.181,-3.007,-1.148,1.282,4.5,7.218,8.805
1984Q3,-1.662,-0.348,1.796,4.413,7.166,9.499,10.828,2.266,2.498,2.996,3.687,4.459,5.072,5.356,893.548,894.121,895.271,897.069,899.16,900.831,901.818,2.272,2.512,2.996,3.689,4.458,5.072,5.356,-5.4,-4.191,-1.934,0.562,3.54,6.042,7.449
1984Q4,-2.26,-0.895,1.442,4.066,6.632,8.885,10.058,2.286,2.533,3.01,3.69,4.464,5.042,5.338,894.793,895.303,896.382,898.195,900.262,901.961,902.952,2.295,2.534,3.01,3.689,4.464,5.044,5.343,-6.059,-4.625,-2.3,0.226,2.993,5.412,6.653
1985Q1,-1.24,-0.104,1.958,4.493,7.299,9.549,10.773,2.271,2.504,2.979,3.671,4.438,4.985,5.299,894.904,895.486,896.658,898.53,900.595,902.104,902.875,2.27,2.495,2.978,3.668,4.434,4.984,5.3,-5.14,-3.851,-1.791,0.657,3.749,6.132,7.409
1985Q2,-2.153,-0.95,1.444,4.031,6.634,8.83,10.096,2.264,2.53,2.989,3.663,4.406,4.953,5.252,896.187,896.773,897.932,899.733,901.761,903.418,904.224,2.271,2.525,2.987,3.662,4.407,4.955,5.242,-5.996,-4.674,-2.297,0.242,3.031,5.397,6.716
1985Q3,-1.198,0.09,2.124,4.61,7.367,9.785,11.171,2.431,2.65,3.117,3.775,4.553,5.157,5.457,897.444,897.958,899.093,900.867,902.903,904.447,905.311,2.409,2.644,3.115,3.772,4.55,5.148,5.454,-5.064,-3.881,-1.773,0.664,3.749,6.277,7.669
1985Q4,-2.929,-1.416,0.992,3.607,6.197,8.295,9.472,2.314,2.552,3.002,3.663,4.391,4.939,5.221,898.309,898.851,899.951,901.701,903.722,905.405,906.473,2.314,2.549,3.007,3.664,4.391,4.935,5.223,-6.6,-5.187,-2.815,-0.117,2.606,4.853,6.151
1986Q1,-2.393,-1.075,1.146,3.7,6.324,8.593,9.823,2.244,2.474,2.943,3.624,4.32,4.846,5.113,898.748,899.375,900.484,902.182,904.188,905.796,906.729,2.243,2.471,2.941,3.623,4.324,4.846,5.111,-6.078,-4.811,-2.563,-0.002,2.785,5.172,6.47
1986Q2,-3.705,-2.421,0.053,2.954,5.349,7.357,8.673,2.09,2.339,2.824,3.503,4.164,4.669,4.921,899.627,900.182,901.295,903.032,905.012,906.647,907.565,2.091,2.343,2.828,3.506,4.171,4.671,4.927,-7.382,-6.091,-3.522,-0.52,1.937,4.091,5.266
1986Q3,-3.279,-1.961,0.398,3.136,5.677,7.678,8.828,2.089,2.356,2.846,3.516,4.188,4.68,4.92,900.66,901.243,902.332,904.003,906.022,907.572,908.511,2.097,2.355,2.849,3.52,4.195,4.69,4.922,-7.083,-5.678,-3.211,-0.365,2.233,4.423,5.612
1986Q4,-3.694,-2.335,0.01,2.809,5.263,7.343,8.42,1.946,2.207,2.718,3.384,4.043,4.501,4.746,900.985,901.532,902.62,904.291,906.249,907.843,908.79,1.947,2.209,2.722,3.386,4.049,4.506,4.758,-7.31,-5.91,-3.448,-0.519,1.953,4.117,5.291
1987Q1,-3.925,-2.565,-0.168,2.61,5.101,7.212,8.498,1.88,2.161,2.674,3.371,3.998,4.489,4.732,901.932,902.433,903.511,905.172,907.147,908.765,909.674,1.904,2.174,2.679,3.377,4.007,4.49,4.735,-7.548,-6.18,-3.594,-0.703,1.834,4.013,5.31
1987Q2,-2.968,-1.63,0.609,3.264,5.856,8.063,9.456,1.915,2.158,2.675,3.357,3.998,4.485,4.75,902.364,902.996,904.073,905.71,907.653,909.248,910.141,1.906,2.159,2.683,3.361,4.001,4.487,4.749,-6.612,-5.153,-2.803,-0.057,2.584,4.905,6.392
1987Q3,-2.906,-1.722,0.492,3.161,5.78,7.998,9.36,1.886,2.143,2.659,3.337,3.988,4.451,4.702,903.117,903.694,904.762,906.436,908.363,909.927,910.842,1.889,2.143,2.658,3.342,3.991,4.452,4.701,-6.456,-5.236,-2.912,-0.152,2.579,4.801,6.267
1987Q4,-1.352,-0.133,1.836,4.253,7.162,9.691,10.974,2.192,2.425,2.878,3.538,4.216,4.694,4.96,904.429,905.018,906.113,907.747,909.631,911.128,911.918,2.188,2.414,2.87,3.533,4.213,4.689,4.957,-5.042,-3.855,-1.761,0.66,3.734,6.379,7.737
1988Q1,-2.555,-1.347,0.829,3.44,6.094,8.418,9.768,1.953,2.204,2.711,3.364,4.038,4.52,4.743,904.632,905.221,906.403,908.068,909.98,911.505,912.28,1.952,2.206,2.708,3.364,4.036,4.521,4.74,-6.103,-4.876,-2.633,0.052,2.792,5.271,6.633
1988Q2,-1.637,-0.46,1.568,4.042,6.897,9.47,10.96,2.069,2.324,2.818,3.47,4.123,4.621,4.87,905.348,906.058,907.245,908.963,910.811,912.157,912.933,2.068,2.319,2.81,3.463,4.12,4.616,4.863,-5.214,-4.164,-1.988,0.515,3.54,6.173,7.768
1988Q3,-2.597,-1.404,0.732,3.35,6.008,8.311,9.631,1.954,2.206,2.679,3.345,4.006,4.453,4.698,906.044,906.682,907.785,909.484,911.306,912.674,913.526,1.948,2.202,2.676,3.344,4.006,4.454,4.695,-6.149,-5.038,-2.657,-0.003,2.763,5.081,6.592
1988Q4,-1.625,-0.466,1.575,4.012,6.784,9.209,10.644,2.131,2.351,2.824,3.474,4.14,4.647,4.886,907.27,907.891,909.087,910.757,912.551,913.99,914.802,2.126,2.35,2.821,3.471,4.139,4.642,4.881,-5.302,-4.056,-1.963,0.485,3.435,5.974,7.361
1989Q1,-1.656,-0.534,1.508,4.001,6.782,9.169,10.551,2.147,2.378,2.85,3.508,4.184,4.693,4.964,908.259,908.947,910.098,911.765,913.561,914.973,915.808,2.144,2.378,2.848,3.505,4.18,4.687,4.949,-5.401,-4.113,-2.081,0.438,3.365,5.885,7.278
1989Q2,-2.339,-1.051,1.19,3.7,6.33,8.551,9.775,2.168,2.392,2.852,3.521,4.171,4.675,4.907,909.505,910.114,911.256,912.878,914.632,916.109,916.92,2.164,2.387,2.841,3.518,4.17,4.673,4.904,-5.941,-4.676,-2.433,0.186,2.922,5.24,6.497
1989Q3,-2.566,-1.157,1.008,3.623,6.156,8.38,9.721,2.204,2.461,2.905,3.553,4.227,4.701,4.979,910.803,911.387,912.488,914.037,915.8,917.254,918.138,2.204,2.459,2.904,3.553,4.228,4.705,4.979,-6.194,-4.895,-2.614,0.044,2.691,4.977,6.429
1989Q4,-3.626,-2.171,0.247,3.103,5.54,7.485,8.793,2.007,2.298,2.802,3.44,4.085,4.563,4.827,911.174,911.785,912.896,914.475,916.228,917.696,918.612,2.008,2.297,2.802,3.441,4.087,4.567,4.829,-7.38,-5.777,-3.298,-0.325,2.171,4.342,5.525
1990Q1,-1.983,-0.622,1.473,3.936,6.589,8.873,10.12,2.207,2.435,2.888,3.539,4.199,4.7,4.988,912.001,912.655,913.813,915.437,917.232,918.654,919.442,2.207,2.429,2.883,3.538,4.198,4.697,4.989,-5.672,-4.375,-2.137,0.343,3.184,5.589,6.834
1990Q2,-3.022,-1.624,0.755,3.347,5.959,8.167,9.419,2.026,2.29,2.762,3.427,4.082,4.548,4.781,912.371,913.066,914.242,915.87,917.653,919.092,919.862,2.031,2.291,2.761,3.426,4.086,4.548,4.778,-6.518,-5.177,-2.773,-0.063,2.635,4.941,6.187
1990Q3,-4.217,-2.806,-0.311,2.65,5.122,7.137,8.234,1.799,2.074,2.587,3.265,3.914,4.363,4.614,912.734,913.422,914.612,916.241,918.009,919.404,920.168,1.799,2.073,2.587,3.266,3.913,4.371,4.612,-7.669,-6.206,-3.633,-0.558,1.911,4.009,5.169
1990Q4,-7.033,-5.438,-2.445,0.87,3.347,5.018,5.993,1.128,1.501,2.108,2.888,3.527,3.962,4.165,912.548,913.148,914.333,915.949,917.741,919.239,920.085,1.146,1.517,2.115,2.892,3.535,3.969,4.169,-10.18,-8.486,-5.429,-1.949,0.575,2.341,3.479
1991Q1,-7.414,-5.813,-2.882,0.543,3.024,4.696,5.747,0.847,1.2,1.862,2.693,3.373,3.774,3.966,912.563,913.228,914.329,915.958,917.775,919.257,920.147,0.849,1.204,1.872,2.702,3.386,3.784,3.977,-10.433,-8.631,-5.63,-2.011,0.445,2.124,3.283
1991Q2,-5.542,-3.987,-1.357,1.607,4.103,6.195,7.415,1.037,1.376,2.008,2.798,3.462,3.872,4.086,913.75,914.342,915.403,917.045,918.894,920.412,921.285,1.042,1.377,2.011,2.804,3.467,3.876,4.091,-8.6,-7.081,-4.259,-1.082,1.424,3.597,4.833
1991Q3,-5.313,-3.885,-1.312,1.638,4.11,6.072,7.319,0.993,1.339,1.939,2.728,3.398,3.81,4.007,914.098,914.713,915.756,917.375,919.233,920.769,921.582,0.992,1.343,1.942,2.735,3.405,3.816,4.007,-8.31,-6.804,-4.121,-0.98,1.503,3.598,4.955
1991Q4,-5.854,-4.26,-1.57,1.324,3.786,5.828,7.086,0.862,1.179,1.817,2.614,3.312,3.738,3.923,914.332,914.921,916.043,917.692,919.577,921.066,921.936,0.865,1.182,1.82,2.622,3.321,3.747,3.931,-8.827,-7.105,-4.351,-1.122,1.31,3.407,4.609
1992Q1,-4.146,-2.97,-0.567,2.178,4.781,6.959,8.258,1.016,1.344,1.938,2.728,3.382,3.784,3.981,915.294,915.894,916.969,918.624,920.53,922.05,922.978,1.018,1.348,1.942,2.734,3.392,3.8,3.995,-7.21,-5.868,-3.38,-0.404,2.169,4.451,5.795
1992Q2,-4.27,-2.814,-0.448,2.25,4.876,7.153,8.448,1.076,1.372,1.967,2.731,3.389,3.815,4.03,916.215,916.729,917.736,919.306,921.211,922.825,923.693,1.084,1.383,1.974,2.737,3.398,3.828,4.055,-7.256,-5.853,-3.288,-0.331,2.272,4.575,5.881
1992Q3,-3.936,-2.794,-0.657,2.025,4.679,6.847,8.079,1.064,1.365,1.946,2.718,3.369,3.793,3.996,916.879,917.425,918.434,920.051,921.959,923.505,924.422,1.072,1.375,1.954,2.724,3.376,3.807,4.004,-6.962,-5.701,-3.446,-0.533,2.067,4.283,5.592
1992Q4,-3.841,-2.636,-0.45,2.205,4.821,6.94,8.26,1.063,1.339,1.918,2.695,3.356,3.76,3.984,917.261,917.859,918.868,920.479,922.373,923.865,924.746,1.069,1.341,1.919,2.703,3.36,3.768,3.988,-6.891,-5.547,-3.281,-0.374,2.22,4.495,5.797
1993Q1,-5.604,-4.212,-1.787,1.155,3.648,5.53,6.696,0.698,1.018,1.63,2.438,3.134,3.541,3.73,917.224,917.787,918.819,920.414,922.297,923.887,924.746,0.697,1.021,1.635,2.446,3.146,3.548,3.738,-8.423,-6.853,-4.339,-1.151,1.3,3.247,4.434
1993Q2,-5.163,-3.886,-1.453,1.28,3.692,5.745,6.928,0.608,0.93,1.555,2.384,3.081,3.496,3.698,917.48,918.053,919.113,920.706,922.617,924.083,924.972,0.609,0.938,1.561,2.394,3.091,3.516,3.714,-7.998,-6.534,-3.982,-0.95,1.434,3.518,4.792
1993Q3,-5.614,-4.294,-1.824,1.073,3.61,5.681,6.916,0.558,0.871,1.503,2.331,3.017,3.453,3.648,918.033,918.57,919.64,921.19,923.046,924.611,925.569,0.569,0.885,1.509,2.342,3.035,3.465,3.658,-8.403,-6.943,-4.318,-1.081,1.449,3.64,4.91
1993Q4,-4.12,-2.857,-0.647,1.984,4.596,6.872,8.114,0.889,1.154,1.738,2.51,3.168,3.62,3.847,919.334,919.802,920.858,922.441,924.318,925.929,926.845,0.907,1.158,1.742,2.521,3.179,3.629,3.861,-6.859,-5.688,-3.274,-0.374,2.2,4.502,5.772
1994Q1,-4.209,-2.846,-0.622,2.054,4.608,6.873,8.073,0.901,1.196,1.763,2.517,3.195,3.633,3.861,919.98,920.576,921.606,923.152,925.026,926.601,927.398,0.909,1.203,1.766,2.525,3.208,3.643,3.877,-7.129,-5.677,-3.271,-0.32,2.248,4.463,5.691
1994Q2,-2.967,-1.781,0.295,2.748,5.516,7.945,9.445,1.107,1.384,1.92,2.632,3.296,3.739,3.964,920.855,921.387,922.384,923.972,925.839,927.54,928.416,1.111,1.383,1.926,2.638,3.3,3.747,3.979,-5.987,-4.675,-2.446,0.158,3,5.375,6.809
1994Q3,-3.891,-2.579,-0.37,2.228,4.785,7.075,8.325,1.045,1.299,1.842,2.563,3.235,3.672,3.886,921.192,921.8,922.891,924.42,926.292,927.905,928.898,1.056,1.304,1.846,2.572,3.245,3.677,3.885,-6.761,-5.394,-3.072,-0.235,2.349,4.575,5.933
1994Q4,-3.059,-1.749,0.394,2.815,5.578,7.864,9.128,1.202,1.485,1.992,2.694,3.345,3.818,4.054,922.388,922.925,923.959,925.534,927.338,928.928,929.85,1.203,1.486,1.994,2.697,3.353,3.821,4.054,-5.976,-4.685,-2.415,0.161,2.992,5.328,6.592
1995Q1,-3.811,-2.501,-0.315,2.328,4.927,7.058,8.354,1.089,1.37,1.903,2.614,3.281,3.717,3.934,922.788,923.343,924.376,925.97,927.767,929.254,930.191,1.095,1.372,1.907,2.621,3.287,3.726,3.937,-6.801,-5.34,-3.024,-0.212,2.43,4.655,5.898
1995Q2,-4.077,-2.726,-0.427,2.215,4.724,6.906,8.069,1.059,1.345,1.878,2.589,3.233,3.669,3.907,923.308,923.823,924.865,926.372,928.166,929.733,930.69,1.063,1.345,1.882,2.596,3.24,3.68,3.914,-6.963,-5.505,-3.113,-0.255,2.233,4.442,5.697
1995Q3,-3.174,-1.847,0.309,2.848,5.404,7.624,8.901,1.272,1.537,2.034,2.703,3.347,3.806,4.037,924.461,924.978,926.039,927.548,929.343,930.862,931.795,1.279,1.54,2.035,2.704,3.355,3.818,4.046,-6.155,-4.803,-2.507,0.167,2.798,5.092,6.428
1995Q4,-3.132,-1.823,0.357,2.921,5.594,7.869,9.055,1.323,1.586,2.066,2.743,3.41,3.88,4.127,925.158,925.778,926.837,928.345,930.163,931.598,932.478,1.323,1.591,2.071,2.745,3.414,3.885,4.129,-6.141,-4.667,-2.481,0.144,2.924,5.393,6.522
1996Q1,-3.071,-1.739,0.374,3.002,5.645,7.887,9.205,1.436,1.661,2.14,2.808,3.462,3.933,4.199,926.263,926.786,927.816,929.334,931.129,932.601,933.43,1.442,1.664,2.144,2.811,3.471,3.944,4.214,-6.208,-4.762,-2.482,0.195,2.903,5.2,6.459
1996Q2,-1.431,-0.232,1.658,4.083,7.056,9.616,11.019,1.697,1.944,2.412,3.068,3.758,4.319,4.628,927.731,928.311,929.338,930.856,932.68,934.087,934.971,1.698,1.945,2.408,3.064,3.759,4.317,4.626,-4.793,-3.452,-1.429,0.953,4.07,6.67,8.235
1996Q3,-2.034,-0.855,1.313,3.8,6.54,8.766,10.228,1.747,1.973,2.392,3.066,3.753,4.307,4.621,928.407,929.019,930.109,931.645,933.313,934.779,935.67,1.749,1.972,2.392,3.065,3.754,4.304,4.62,-5.425,-4.009,-1.855,0.643,3.511,5.941,7.313
1996Q4,-1.958,-0.734,1.37,3.843,6.583,8.909,10.269,1.782,2.009,2.447,3.086,3.787,4.32,4.603,929.189,929.777,930.833,932.412,934.079,935.53,936.308,1.779,2.008,2.444,3.083,3.786,4.318,4.6,-5.206,-3.991,-1.771,0.663,3.576,6.016,7.421
1997Q1,-2.864,-1.667,0.678,3.289,5.929,7.983,9.236,1.704,1.935,2.4,3.047,3.745,4.273,4.556,929.906,930.54,931.692,933.224,934.848,936.258,937.011,1.703,1.938,2.4,3.048,3.745,4.276,4.557,-6.197,-4.829,-2.462,0.163,2.964,5.2,6.482
1997Q2,-1.061,0.016,1.994,4.399,7.385,10.05,11.589,1.97,2.181,2.616,3.268,3.993,4.593,4.902,931.336,931.926,933.061,934.608,936.221,937.525,938.304,1.951,2.176,2.614,3.263,3.989,4.591,4.901,-4.48,-3.394,-1.408,1.035,4.243,7.012,8.45
1997Q3,-1.433,-0.303,1.756,4.178,7.034,9.366,10.587,2.075,2.294,2.723,3.358,4.089,4.685,5.003,932.822,933.355,934.476,936.025,937.766,939.102,940.04,2.083,2.301,2.721,3.358,4.088,4.684,4.995,-5.056,-3.87,-1.704,0.685,3.732,6.187,7.5
1997Q4,-2.147,-0.863,1.352,3.837,6.545,8.747,10.115,2.037,2.269,2.699,3.344,4.061,4.631,4.944,933.542,934.141,935.294,936.811,938.493,939.897,940.681,2.034,2.265,2.697,3.341,4.06,4.631,4.949,-5.786,-4.366,-2.101,0.381,3.301,5.607,7.005
1998Q1,-2.213,-0.845,1.471,3.929,6.649,8.952,10.252,2.108,2.327,2.738,3.382,4.115,4.671,4.988,934.524,935.154,936.254,937.848,939.532,940.884,941.73,2.112,2.324,2.734,3.381,4.113,4.671,4.991,-5.756,-4.41,-2.028,0.409,3.349,5.772,7.079
1998Q2,-1.991,-0.694,1.383,3.942,6.647,8.843,10.349,2.092,2.319,2.771,3.399,4.147,4.724,5.018,935.342,936.017,937.187,938.788,940.412,941.756,942.5,2.104,2.319,2.769,3.399,4.144,4.723,5.014,-5.583,-4.284,-2.122,0.417,3.349,5.722,7.172
1998Q3,-1.41,-0.231,1.877,4.348,7.166,9.655,11.084,2.24,2.463,2.86,3.493,4.259,4.865,5.176,936.712,937.273,938.386,939.904,941.543,942.848,943.731,2.234,2.46,2.854,3.491,4.259,4.863,5.172,-5.147,-3.926,-1.744,0.746,3.768,6.358,7.701
1998Q4,-0.713,0.514,2.523,4.976,7.909,10.362,11.873,2.437,2.635,3.041,3.705,4.489,5.113,5.448,938.125,938.773,939.912,941.493,943.097,944.36,945.24,2.432,2.634,3.034,3.699,4.486,5.112,5.444,-4.672,-3.321,-1.336,1.13,4.284,6.929,8.47
1999Q1,-1.279,-0.041,1.996,4.491,7.278,9.598,10.964,2.393,2.601,3.008,3.669,4.424,5.033,5.339,938.894,939.563,940.731,942.319,943.926,945.267,946.017,2.39,2.596,3.005,3.663,4.424,5.037,5.336,-5.107,-3.855,-1.798,0.697,3.697,6.183,7.46
1999Q2,-1.937,-0.722,1.481,4.025,6.671,8.854,9.989,2.317,2.505,2.944,3.589,4.334,4.908,5.214,939.528,940.254,941.475,943.051,944.638,945.946,946.719,2.312,2.499,2.941,3.586,4.334,4.906,5.21,-5.711,-4.443,-2.199,0.294,3.109,5.439,6.666
1999Q3,-1.388,-0.225,1.911,4.38,7.124,9.433,10.827,2.397,2.601,3.023,3.692,4.462,5.012,5.327,940.908,941.525,942.697,944.292,945.89,947.113,947.876,2.392,2.595,3.017,3.689,4.461,5.01,5.322,-5.423,-4.082,-1.922,0.561,3.543,5.957,7.368
1999Q4,-0.382,0.734,2.653,5.06,8.095,10.56,12.299,2.538,2.764,3.162,3.833,4.639,5.25,5.594,942.215,942.8,944.041,945.699,947.281,948.534,949.275,2.533,2.753,3.153,3.827,4.637,5.248,5.592,-4.495,-3.365,-1.359,1.128,4.307,7,8.583
2000Q1,-2.306,-0.942,1.347,3.952,6.6,8.902,10.227,2.335,2.562,2.987,3.639,4.377,4.95,5.265,942.323,942.999,944.255,945.896,947.45,948.609,949.299,2.33,2.554,2.98,3.635,4.374,4.947,5.255,-6.164,-4.832,-2.387,0.238,3.057,5.532,7.016
2000Q2,-0.352,0.763,2.601,5.037,7.989,10.632,11.932,2.619,2.821,3.231,3.912,4.707,5.289,5.623,944.275,945.017,946.261,947.876,949.427,950.568,951.197,2.61,2.807,3.218,3.906,4.704,5.284,5.612,-4.423,-3.374,-1.429,0.971,4.154,6.919,8.22
2000Q3,-2.613,-1.127,1.06,3.814,6.35,8.441,9.753,2.376,2.59,3.009,3.662,4.388,4.926,5.197,944.368,945.048,946.343,948.022,949.565,950.754,951.386,2.372,2.586,3.005,3.66,4.384,4.925,5.191,-6.49,-5.028,-2.696,0.048,2.759,4.999,6.38
2000Q4,-2.443,-1.093,1.105,3.702,6.253,8.416,9.669,2.338,2.557,2.991,3.649,4.393,4.901,5.173,945.203,945.94,947.203,948.903,950.453,951.663,952.326,2.338,2.556,2.988,3.648,4.391,4.901,5.172,-6.227,-5.015,-2.662,-0.015,2.708,4.981,6.326
2001Q1,-4.016,-2.634,-0.195,2.697,5.097,7.081,8.188,2.023,2.26,2.746,3.394,4.058,4.521,4.773,945.235,946.007,947.314,948.946,950.459,951.551,952.138,2.022,2.252,2.743,3.393,4.055,4.519,4.771,-7.568,-6.156,-3.707,-0.653,1.783,3.848,5.027
2001Q2,-3.524,-2.157,0.263,3.001,5.473,7.57,8.976,2.025,2.296,2.788,3.441,4.114,4.601,4.848,946.422,947.11,948.374,949.998,951.59,952.756,953.369,2.026,2.291,2.786,3.439,4.113,4.599,4.844,-7.159,-5.765,-3.279,-0.407,2.099,4.301,5.807
2001Q3,-5.897,-4.4,-1.486,1.669,4.106,5.87,6.872,1.6,1.912,2.449,3.154,3.813,4.261,4.496,946.425,947.163,948.465,950.074,951.614,952.838,953.554,1.607,1.924,2.451,3.158,3.817,4.267,4.502,-9.335,-7.721,-4.702,-1.397,1.016,2.868,3.903
2001Q4,-5.397,-3.934,-1.278,1.762,4.198,6.137,7.285,1.447,1.736,2.3,3.031,3.673,4.125,4.352,946.679,947.427,948.681,950.275,951.887,953.058,953.732,1.446,1.739,2.306,3.035,3.677,4.13,4.356,-8.705,-7.163,-4.352,-1.179,1.3,3.241,4.452
2002Q1,-4.468,-3.139,-0.76,2.089,4.613,6.707,7.833,1.472,1.798,2.357,3.075,3.722,4.157,4.381,947.835,948.453,949.702,951.272,952.888,954.104,954.79,1.485,1.806,2.36,3.081,3.728,4.158,4.384,-7.813,-6.375,-3.927,-0.839,1.624,3.622,4.893
2002Q2,-4.763,-3.241,-0.895,1.957,4.465,6.432,7.512,1.338,1.634,2.19,2.925,3.585,4.011,4.247,947.727,948.486,949.767,951.379,952.93,954.069,954.717,1.344,1.642,2.197,2.928,3.588,4.015,4.249,-7.907,-6.47,-3.891,-0.84,1.668,3.655,4.838
2002Q3,-5.051,-3.678,-1.295,1.566,4.079,6.057,7.265,1.044,1.406,2.052,2.793,3.433,3.87,4.085,948.14,948.83,950.011,951.575,953.146,954.363,955.092,1.063,1.413,2.064,2.8,3.438,3.876,4.093,-8.202,-6.682,-4.169,-1.062,1.395,3.454,4.656
2002Q4,-6.02,-4.607,-2.171,0.891,3.35,5.134,6.203,0.809,1.148,1.808,2.631,3.291,3.743,3.978,948.394,949.079,950.254,951.822,953.439,954.641,955.319,0.822,1.162,1.817,2.64,3.3,3.749,3.983,-9.012,-7.46,-4.911,-1.574,0.85,2.694,3.678
2003Q1,-5.86,-4.436,-2.086,0.9,3.46,5.453,6.662,0.714,1.062,1.748,2.565,3.254,3.667,3.874,948.973,949.635,950.85,952.407,954.063,955.386,956.05,0.726,1.067,1.756,2.578,3.265,3.677,3.885,-8.902,-7.31,-4.777,-1.48,1.037,3.04,4.239
2003Q2,-5.151,-3.697,-1.34,1.402,3.956,6.018,7.178,0.8,1.125,1.787,2.599,3.272,3.671,3.866,949.677,950.331,951.5,953.091,954.769,956.023,956.824,0.812,1.14,1.793,2.609,3.281,3.682,3.875,-8.089,-6.607,-4.089,-1.016,1.524,3.565,4.759
2003Q3,-3.254,-2.145,0.04,2.63,5.491,7.836,9.263,1.205,1.521,2.059,2.789,3.445,3.868,4.081,950.826,951.46,952.666,954.234,955.926,957.198,957.844,1.203,1.526,2.067,2.795,3.456,3.883,4.092,-6.438,-5.153,-2.814,-0.049,2.747,5.149,6.637
2003Q4,-3.191,-1.959,0.128,2.666,5.39,7.735,9.22,1.261,1.518,2.05,2.793,3.449,3.879,4.098,951.558,952.137,953.299,954.876,956.523,957.835,958.494,1.264,1.52,2.052,2.797,3.453,3.884,4.107,-6.362,-4.892,-2.712,-0.023,2.715,5.044,6.55
2004Q1,-4.019,-2.777,-0.502,2.071,4.629,6.833,8.182,1.001,1.331,1.878,2.641,3.292,3.71,3.948,951.439,952.109,953.309,954.897,956.5,957.684,958.39,1.01,1.337,1.883,2.644,3.295,3.71,3.953,-6.953,-5.586,-3.188,-0.423,2.079,4.264,5.683
2004Q2,-4.061,-2.741,-0.562,2.15,4.808,6.967,8.16,0.973,1.278,1.855,2.603,3.26,3.684,3.912,951.872,952.53,953.802,955.366,957.03,958.23,958.938,0.983,1.28,1.858,2.607,3.264,3.686,3.912,-6.976,-5.614,-3.206,-0.308,2.28,4.472,5.742
2004Q3,-3.98,-2.744,-0.448,2.191,4.778,6.941,8.306,1.009,1.306,1.883,2.638,3.304,3.754,3.958,952.734,953.422,954.714,956.354,957.98,959.235,959.868,1.009,1.31,1.884,2.645,3.312,3.754,3.959,-6.967,-5.683,-3.173,-0.333,2.229,4.467,5.79
2004Q4,-3.501,-2.285,-0.185,2.354,5.044,7.321,8.716,1.072,1.381,1.932,2.669,3.325,3.779,3.976,953.408,954.125,955.33,957.003,958.699,959.906,960.578,1.071,1.38,1.932,2.672,3.328,3.78,3.976,-6.46,-5.156,-2.92,-0.196,2.488,4.775,6.328
2005Q1,-2.805,-1.826,0.311,2.774,5.528,7.925,9.219,1.172,1.478,1.996,2.711,3.377,3.825,4.097,954.008,954.784,956.069,957.736,959.388,960.606,961.295,1.189,1.478,1.997,2.711,3.38,3.824,4.093,-5.862,-4.724,-2.479,0.114,2.925,5.384,6.606
2005Q2,-4.194,-2.847,-0.559,2.081,4.68,7.037,8.253,1.068,1.351,1.899,2.643,3.299,3.735,3.977,954.703,955.411,956.666,958.339,960.015,961.284,961.936,1.07,1.356,1.907,2.649,3.305,3.739,3.983,-7.173,-5.823,-3.323,-0.438,2.16,4.437,5.628
2005Q3,-3.609,-2.386,-0.165,2.413,5.096,7.233,8.473,1.185,1.464,2.004,2.712,3.359,3.813,4.05,955.679,956.348,957.659,959.41,961.137,962.416,963.106,1.196,1.465,2.008,2.718,3.367,3.816,4.055,-6.597,-5.364,-2.977,-0.186,2.469,4.661,6.068
2005Q4,-3.463,-2.175,-0.079,2.553,5.258,7.471,8.763,1.24,1.496,2.004,2.712,3.385,3.825,4.076,956.188,956.855,958.112,959.898,961.583,962.717,963.425,1.238,1.498,2.008,2.715,3.393,3.834,4.089,-6.402,-5.094,-2.838,-0.088,2.631,4.871,6.171
2006Q1,-2.112,-1.018,0.964,3.405,6.294,8.832,10.123,1.51,1.769,2.254,2.917,3.577,4.061,4.318,957.568,958.247,959.562,961.329,962.985,964.192,964.847,1.514,1.772,2.254,2.917,3.581,4.067,4.318,-5.263,-4.134,-2.034,0.45,3.414,5.966,7.288
2006Q2,-3.028,-1.929,0.168,2.751,5.422,7.639,9.159,1.354,1.597,2.094,2.785,3.433,3.88,4.134,957.643,958.449,959.704,961.496,963.126,964.253,964.878,1.359,1.598,2.099,2.788,3.437,3.885,4.135,-6.041,-4.869,-2.727,0.023,2.727,4.999,6.43
2006Q3,-4.009,-2.78,-0.378,2.292,4.798,6.799,7.846,1.262,1.522,2.02,2.717,3.362,3.833,4.063,958.35,959.05,960.368,962.111,963.768,964.963,965.595,1.267,1.527,2.021,2.723,3.37,3.836,4.063,-7.141,-5.677,-3.154,-0.322,2.169,4.218,5.279
2006Q4,-3.391,-2.042,0.195,2.85,5.471,7.69,8.803,1.462,1.698,2.185,2.862,3.519,4.005,4.275,959.733,960.371,961.672,963.383,965.138,966.338,966.984,1.464,1.697,2.187,2.867,3.523,4.005,4.272,-6.516,-5.158,-2.72,0.027,2.69,4.968,6.153
2007Q1,-3.624,-2.308,0.075,2.579,5.167,7.346,8.572,1.342,1.596,2.109,2.768,3.413,3.891,4.131,959.872,960.549,961.854,963.6,965.216,966.372,967.026,1.347,1.6,2.111,2.771,3.418,3.895,4.13,-6.699,-5.187,-2.789,-0.124,2.484,4.715,6.033
2007Q2,-3.886,-2.394,-0.01,2.647,5.154,7.17,8.383,1.374,1.651,2.145,2.825,3.466,3.913,4.184,961.071,961.8,963.034,964.762,966.447,967.666,968.327,1.392,1.656,2.149,2.831,3.471,3.919,4.195,-6.937,-5.442,-2.948,-0.159,2.449,4.593,5.79
2007Q3,-3.716,-2.247,0.081,2.687,5.218,7.206,8.424,1.396,1.66,2.155,2.821,3.48,3.93,4.21,961.729,962.415,963.736,965.444,967.096,968.352,968.952,1.398,1.665,2.156,2.823,3.48,3.936,4.218,-6.83,-5.32,-2.811,-0.104,2.479,4.566,5.692
2007Q4,-3.448,-2.117,0.17,2.846,5.457,7.533,8.866,1.446,1.698,2.172,2.836,3.491,3.964,4.191,962.301,963.015,964.325,966.039,967.668,968.847,969.543,1.449,1.698,2.174,2.838,3.495,3.963,4.199,-6.623,-5.11,-2.75,0.005,2.698,4.862,6.258
2008Q1,-5.764,-4.398,-1.667,1.454,3.8,5.678,6.736,1.006,1.315,1.815,2.537,3.167,3.602,3.822,962.065,962.823,964.149,965.815,967.424,968.65,969.338,1.011,1.317,1.816,2.542,3.177,3.615,3.834,-8.53,-7.086,-4.335,-1.007,1.362,3.362,4.415
2008Q2,-5.138,-3.545,-1.056,1.794,4.298,6.339,7.443,1.063,1.332,1.857,2.556,3.209,3.649,3.885,962.804,963.616,964.908,966.594,968.221,969.438,970.172,1.064,1.339,1.859,2.562,3.221,3.655,3.892,-7.866,-6.366,-3.754,-0.71,1.847,3.976,5.131
2008Q3,-7.092,-5.474,-2.751,0.425,2.908,4.582,5.606,0.528,0.846,1.459,2.241,2.907,3.314,3.52,962.499,963.171,964.479,966.198,967.818,969.121,969.851,0.55,0.858,1.467,2.25,2.918,3.326,3.534,-9.738,-7.985,-5.078,-1.699,0.788,2.567,3.527
2008Q4,-13.528,-11.071,-7.237,-2.797,0.322,1.96,2.638,-0.714,-0.289,0.527,1.562,2.395,2.835,3.014,961.405,962.051,963.268,964.985,966.809,968.239,968.976,-0.676,-0.27,0.543,1.584,2.423,2.873,3.051,-15.508,-13.095,-9.008,-4.259,-0.745,0.593,1.335
2009Q1,-13.381,-11.236,-7.421,-3.101,0.06,1.796,2.61,-1.2,-0.742,0.134,1.31,2.186,2.64,2.852,960.933,961.582,962.746,964.463,966.358,967.891,968.745,-1.171,-0.724,0.146,1.338,2.214,2.667,2.892,-15.342,-13.114,-8.974,-4.247,-0.649,0.752,1.625
2009Q2,-10.638,-8.79,-5.525,-1.848,0.939,2.748,3.722,-1.214,-0.763,0.091,1.224,2.101,2.567,2.77,960.604,961.287,962.492,964.172,966.053,967.564,968.392,-1.181,-0.743,0.101,1.241,2.124,2.597,2.803,-12.524,-10.568,-7.054,-2.909,0.113,1.835,2.866
2009Q3,-8.735,-7.056,-4.232,-0.882,1.789,3.708,4.855,-0.957,-0.572,0.192,1.251,2.109,2.578,2.8,960.986,961.66,962.8,964.507,966.392,967.816,968.701,-0.925,-0.559,0.207,1.265,2.131,2.613,2.831,-10.619,-8.787,-5.767,-1.915,0.816,2.745,4.011
2009Q4,-6.117,-4.625,-2.245,0.573,3.243,5.613,6.875,-0.58,-0.222,0.444,1.397,2.179,2.624,2.824,961.43,962.087,963.251,964.907,966.696,968.086,968.904,-0.565,-0.217,0.456,1.409,2.201,2.643,2.848,-7.979,-6.549,-3.833,-0.612,2.08,4.506,5.742
2010Q1,-6.504,-5.111,-2.723,0.128,2.661,4.732,6.066,-0.589,-0.257,0.384,1.33,2.128,2.561,2.747,961.811,962.424,963.547,965.174,967.047,968.565,969.338,-0.577,-0.251,0.393,1.344,2.141,2.586,2.783,-8.313,-6.885,-4.311,-1.001,1.522,3.653,4.906
2010Q2,-6.02,-4.575,-2.174,0.621,3.202,5.413,6.711,-0.448,-0.142,0.517,1.42,2.18,2.616,2.826,962.428,963.015,964.134,965.77,967.709,969.272,970.132,-0.436,-0.132,0.524,1.43,2.201,2.643,2.851,-7.939,-6.458,-3.739,-0.56,1.968,4.235,5.555
2010Q3,-5.794,-4.528,-2.131,0.587,3.201,5.357,6.673,-0.359,-0.073,0.56,1.448,2.192,2.647,2.854,962.859,963.458,964.602,966.277,968.174,969.785,970.672,-0.351,-0.068,0.571,1.457,2.214,2.677,2.889,-7.699,-6.207,-3.772,-0.669,1.917,4.156,5.383
2010Q4,-6.178,-4.793,-2.39,0.442,3.035,5.233,6.453,-0.463,-0.118,0.499,1.366,2.129,2.566,2.771,962.981,963.555,964.693,966.378,968.308,969.819,970.749,-0.446,-0.105,0.505,1.38,2.148,2.591,2.795,-8.111,-6.485,-4.002,-0.736,1.843,4.067,5.389
2011Q1,-7.037,-5.646,-3.128,-0.204,2.252,4.27,5.443,-0.695,-0.382,0.224,1.126,1.943,2.371,2.569,962.241,962.968,964.093,965.735,967.597,969.101,970.011,-0.687,-0.379,0.232,1.136,1.959,2.396,2.592,-8.757,-7.255,-4.462,-1.182,1.266,3.349,4.528
2011Q2,-5.652,-4.287,-1.9,0.726,3.333,5.565,6.949,-0.463,-0.174,0.412,1.252,2,2.442,2.647,962.611,963.313,964.458,966.084,967.905,969.439,970.295,-0.455,-0.161,0.418,1.257,2.014,2.466,2.676,-7.384,-5.834,-3.278,-0.375,2.255,4.551,6.015
2011Q3,-6.576,-5.04,-2.643,0.141,2.682,4.703,5.914,-0.64,-0.343,0.243,1.113,1.872,2.328,2.521,962.525,963.195,964.358,965.997,967.832,969.316,970.138,-0.634,-0.34,0.25,1.124,1.887,2.351,2.551,-8.062,-6.499,-3.954,-0.788,1.714,3.805,5.044
2011Q4,-4.997,-3.718,-1.449,1.186,3.928,6.205,7.578,-0.287,0.007,0.557,1.334,2.073,2.501,2.721,963.536,964.165,965.385,967.054,968.916,970.459,971.266,-0.283,0.008,0.559,1.342,2.085,2.523,2.735,-6.789,-5.416,-2.939,-0.038,2.715,5.063,6.365
2012Q1,-4.245,-3.167,-1.136,1.414,4.165,6.477,7.867,-0.233,0.041,0.588,1.371,2.081,2.511,2.715,963.757,964.38,965.577,967.216,968.999,970.446,971.235,-0.229,0.044,0.591,1.376,2.093,2.523,2.729,-6.014,-4.844,-2.596,0.089,2.935,5.238,6.622
2012Q2,-5.313,-3.957,-1.723,0.879,3.492,5.852,7.13,-0.264,0.009,0.526,1.32,2.036,2.47,2.684,963.976,964.703,965.945,967.593,969.396,970.91,971.784,-0.25,0.019,0.534,1.326,2.056,2.49,2.703,-7.06,-5.656,-3.144,-0.279,2.288,4.688,5.859
2012Q3,-6.288,-4.873,-2.492,0.368,2.894,5.032,6.16,-0.429,-0.15,0.432,1.241,1.955,2.375,2.596,964.15,964.803,966.109,967.809,969.644,971.137,971.978,-0.409,-0.139,0.441,1.251,1.972,2.396,2.62,-7.927,-6.519,-3.863,-0.755,1.772,3.911,5.172
2012Q4,-6.271,-5.025,-2.627,0.242,2.754,4.882,6.108,-0.474,-0.184,0.398,1.168,1.876,2.319,2.521,964.143,964.804,966.062,967.832,969.607,971.019,971.871,-0.471,-0.182,0.404,1.179,1.894,2.336,2.546,-7.738,-6.552,-3.959,-0.792,1.682,3.811,5.155
2013Q1,-5.239,-3.793,-1.603,0.989,3.719,6.09,7.365,-0.276,-0.001,0.557,1.318,2.014,2.435,2.65,964.897,965.569,966.863,968.672,970.53,971.95,972.749,-0.269,0.005,0.563,1.326,2.027,2.454,2.668,-6.893,-5.482,-3.097,-0.187,2.572,4.968,6.093
2013Q2,-6,-4.655,-2.27,0.469,3.055,5.155,6.428,-0.369,-0.12,0.44,1.232,1.953,2.375,2.585,964.882,965.648,966.993,968.808,970.64,972.108,973.011,-0.358,-0.116,0.444,1.242,1.967,2.394,2.599,-7.748,-6.123,-3.642,-0.613,1.988,4.081,5.291
2013Q3,-5.001,-3.644,-1.507,1.143,3.887,6.361,7.662,-0.227,0.046,0.562,1.33,2.009,2.439,2.677,965.452,966.206,967.552,969.401,971.279,972.694,973.52,-0.223,0.049,0.567,1.337,2.022,2.453,2.696,-6.767,-5.165,-2.951,-0.076,2.694,5.126,6.534
2013Q4,-4.324,-3.223,-1.05,1.525,4.261,6.608,8.122,-0.081,0.18,0.683,1.415,2.102,2.534,2.777,966.114,966.73,968.06,969.934,971.757,973.124,973.911,-0.069,0.182,0.686,1.424,2.109,2.543,2.783,-6.109,-4.884,-2.552,0.137,2.941,5.384,6.811
2014Q1,-6.285,-4.904,-2.511,0.352,2.804,4.974,6.191,-0.404,-0.109,0.447,1.213,1.921,2.381,2.591,965.882,966.593,967.949,969.815,971.718,973.108,973.862,-0.398,-0.102,0.455,1.221,1.931,2.392,2.604,-7.906,-6.379,-3.84,-0.729,1.724,3.838,5.106
2014Q2,-4.008,-2.743,-0.684,1.785,4.599,6.951,8.199,0.027,0.269,0.755,1.458,2.143,2.61,2.848,966.662,967.463,968.853,970.781,972.607,973.927,974.756,0.03,0.278,0.757,1.463,2.151,2.616,2.851,-5.666,-4.456,-2.23,0.323,3.228,5.619,7.026
2014Q3,-3.435,-2.269,-0.255,2.26,5.14,7.794,9.114,0.204,0.454,0.937,1.643,2.316,2.815,3.069,967.667,968.425,969.895,971.781,973.65,975.012,975.722,0.205,0.453,0.941,1.647,2.326,2.817,3.073,-5.373,-4.118,-1.952,0.572,3.628,6.244,7.643
2014Q4,-4.6,-3.345,-1.083,1.588,4.311,6.546,7.957,0.147,0.406,0.901,1.599,2.267,2.741,2.994,967.942,968.806,970.247,972.208,974.089,975.413,976.191,0.159,0.41,0.904,1.605,2.276,2.755,3.004,-6.571,-5.141,-2.747,-0,2.804,5.176,6.467
2015Q1,-4.424,-3.088,-0.852,1.736,4.427,6.668,8.049,0.264,0.523,0.994,1.67,2.352,2.817,3.119,969.005,969.693,971.13,973.099,975.024,976.362,977.168,0.278,0.532,1.001,1.676,2.364,2.827,3.124,-6.388,-4.959,-2.626,0.073,2.813,5.114,6.396
2015Q2,-3.663,-2.505,-0.495,2.031,4.81,7.193,8.52,0.336,0.551,1.041,1.706,2.381,2.866,3.145,969.098,969.955,971.536,973.486,975.391,976.716,977.494,0.346,0.562,1.044,1.71,2.387,2.868,3.154,-5.682,-4.392,-2.276,0.283,3.165,5.54,7.013
2015Q3,-4.614,-3.348,-1.188,1.375,3.99,6.283,7.593,0.184,0.429,0.923,1.628,2.298,2.789,3.056,969.396,970.225,971.756,973.778,975.604,976.926,977.656,0.191,0.442,0.929,1.633,2.305,2.795,3.063,-6.442,-5.175,-2.906,-0.18,2.462,4.762,6.099
2015Q4,-5.441,-4.124,-1.876,0.928,3.469,5.43,6.549,0.089,0.345,0.849,1.566,2.225,2.695,2.964,969.721,970.515,972.061,974.097,975.978,977.301,978.052,0.103,0.361,0.856,1.572,2.238,2.7,2.972,-7.313,-5.927,-3.541,-0.534,1.937,4.029,5.207
2016Q1,-5.009,-3.653,-1.376,1.249,3.834,6.05,7.311,0.096,0.362,0.862,1.555,2.217,2.674,2.93,969.928,970.749,972.364,974.366,976.201,977.48,978.119,0.1,0.37,0.865,1.561,2.226,2.679,2.935,-6.774,-5.485,-2.993,-0.234,2.352,4.669,5.889
2016Q2,-4.332,-3.125,-1.021,1.541,4.257,6.585,7.835,0.2,0.425,0.913,1.604,2.276,2.748,3.005,970.226,971.126,972.769,974.874,976.709,977.925,978.665,0.2,0.424,0.919,1.609,2.279,2.751,3.013,-6.286,-4.921,-2.675,-0.037,2.693,5.099,6.498
2016Q3,-4.308,-3.174,-1.014,1.541,4.129,6.444,7.85,0.15,0.391,0.907,1.62,2.271,2.725,3.003,970.579,971.575,973.181,975.27,977.137,978.405,979.057,0.156,0.4,0.913,1.625,2.279,2.73,3.005,-6.208,-4.987,-2.705,-0.045,2.648,4.912,6.33
2016Q4,-4.686,-3.474,-1.231,1.41,4.066,6.238,7.45,0.194,0.433,0.944,1.616,2.281,2.764,3.032,971.223,972.145,973.789,975.876,977.792,979.081,979.721,0.199,0.442,0.95,1.622,2.29,2.763,3.035,-6.656,-5.36,-2.988,-0.151,2.504,4.759,6.035
2017Q1,-4.738,-3.566,-1.32,1.346,3.882,6.014,7.258,0.197,0.45,0.945,1.625,2.295,2.79,3.005,971.525,972.552,974.232,976.386,978.233,979.494,980.319,0.211,0.458,0.95,1.631,2.302,2.802,3.012,-6.789,-5.358,-3.045,-0.216,2.34,4.54,5.805
2017Q2,-4.225,-3.042,-0.985,1.67,4.256,6.556,7.852,0.29,0.54,1.025,1.7,2.375,2.865,3.155,972.444,973.378,975.031,977.207,979.063,980.358,981.042,0.292,0.545,1.033,1.705,2.381,2.868,3.154,-6.131,-4.91,-2.777,-0.042,2.664,5.003,6.36
2017Q3,-4.097,-2.918,-0.747,1.839,4.544,6.931,8.266,0.313,0.592,1.065,1.759,2.437,2.908,3.158,973.043,973.898,975.638,977.841,979.743,981.007,981.688,0.321,0.597,1.069,1.766,2.445,2.912,3.16,-6.163,-4.92,-2.588,0.082,2.866,5.309,6.638
2017Q4,-3.969,-2.764,-0.636,1.895,4.583,6.787,8.175,0.369,0.62,1.092,1.762,2.443,2.951,3.225,973.349,974.241,976.027,978.218,980.095,981.3,981.976,0.375,0.628,1.093,1.766,2.45,2.958,3.232,-6.073,-4.75,-2.488,0.141,2.866,5.199,6.557
2018Q1,-3.934,-2.728,-0.606,1.973,4.598,7.011,8.318,0.427,0.673,1.12,1.776,2.459,2.987,3.24,973.837,974.856,976.552,978.687,980.507,981.729,982.306,0.434,0.677,1.124,1.78,2.459,2.991,3.237,-5.942,-4.713,-2.456,0.172,2.899,5.3,6.571
2018Q2,-3.244,-1.912,0.07,2.52,5.333,7.734,9.091,0.581,0.813,1.256,1.919,2.633,3.163,3.435,974.71,975.8,977.495,979.685,981.529,982.707,983.33,0.585,0.813,1.257,1.922,2.634,3.164,3.442,-5.394,-4.115,-1.933,0.528,3.499,5.987,7.328
2018Q3,-3.106,-1.933,0.097,2.591,5.316,7.663,9.036,0.708,0.917,1.386,2.027,2.737,3.254,3.533,975.698,976.64,978.46,980.658,982.478,983.667,984.286,0.716,0.92,1.386,2.033,2.742,3.256,3.538,-5.391,-4.153,-2.019,0.479,3.333,5.821,7.179
